{
  "id": "lightning-corrector",
  "title": "Lightning Corrector",
  "description": "Correct Lightning",
  "author": "Lyterion",
  "version": "0.1.0",
  "esmodules": ["scripts/die-hard.js"],
  "styles": ["styles/die-hard.css"],
  "dependencies": [
    {
      "id": "lib-wrapper",
      "type": "module"
    }
  ],
  "languages": [
    {
      "lang": "en",
      "name": "English",
      "path": "lang/en.json"
    }
  ],
  "compatibility": {
    "minimum": "13",
    "verified": "13"
  },
  "url": "https://https://github.com/lucaspaties/lightning-corrector",
  "manifest": "https://github.com/lucaspaties/lightning-corrector/latest/download/module.json",
  "download": "https://github.com/lucaspaties/lightning-corrector/releases/download/0.1.0/module.zip"
}
